PHP 1:1	PHP 1:2	1	| GRC | FRA |\n| --: | :-- |\n| Παῦλος καὶ Τιμόθεος | Paul and Timothy, |\n| δοῦλοι Χριστοῦ Ἰησοῦ | servants of the Christ Jesus, |\n| πᾶσιν τοῖς ἁγίοις | to all the saints |\n| ἐν Χριστῷ Ἰησοῦ | in Christ Jesus |\n| τοῖς οὖσιν | those being |\n| ἐν Φιλίπποις | in Phillippi |\n| σὺν ἐπισκόποις καὶ διακόνοις | with *the* bishops and *the* deacons: |\n| χάρις ὑμῖν καὶ εἰρήνη | grace to you and peace *to you* |\n| ἀπὸ Θεοῦ Πατρὸς ἡμῶν | from God the Father of us |\n| καὶ Κυρίου Ἰησοῦ Χριστοῦ | and *the* Lord Jesus Christ. |
PHP 1:3	PHP 1:7	2	| GRC | FRA |\n| --: | :-- |\n| εὐχαριστῶ | I give thanks to |\n| τῷ Θεῷ μου | the God of me |\n| ἐπὶ πάσῃ τῇ μνείᾳ | about every memory |\n| ὑμῶν | of you, |\n| ἐν πάσῃ δεήσει μου | in every prayer of me, |\n| ποιούμενος τὴν δέησιν | doing the prayer |\n| πάντοτε μετὰ χαρᾶς | always with joy |\n| ὑπὲρ ὑμῶν πάντων | for you all, |\n| ἐπὶ τῇ κοινωνίᾳ ὑμῶν | about the participation of you |\n| εἰς τὸ εὐαγγέλιον | in the *progress of the* gospel,  |\n| ἀπὸ τῆς πρώτης ἡμέρας | since the first day |\n| ἄχρι τοῦ νῦν | until now ; |\n| πεποιθὼς | having become confident in |\n| τοῦτο αὐτὸ | this, |\n| ὅτι | that is |\n| ὁ ἐναρξάμενος | the one having started |\n| ἀγαθὸν ἔργον | a good work |\n| ἐν ὑμῖν | in you |\n| ἐπιτελέσει ἄχρι ἡμέρας Χριστοῦ Ἰησοῦ | will complete *it* until the day of Christ Jesus, |\n| καθώς | thus |\n| ἐστιν δίκαιον ἐμοὶ | it is right for me |\n| φρονεῖν τοῦτο | to feel this *way* |\n| ὑπὲρ ὑμῶν πάντων | about you all, |\n| διὰ | because of |\n| τὸ ἔχειν με | the fact-of-having, for-my-concern |\n| ὑμᾶς | you |\n| ἐν τῇ καρδίᾳ | in *my* heart, |\n| ὑμᾶς πάντας ὄντας | you all being |\n| συνκοινωνούς μου | participants-with me |\n| τῆς χάριτος | of the grace |\n| τε | not only |\n| ἔν τοῖς δεσμοῖς μου | in the bonds of me |\n| καὶ | but also |\n| ἐν τῇ ἀπολογίᾳ | in *my* defense |\n| καὶ βεβαιώσει τοῦ εὐαγγελίου | and *in my* consolidation of the gospel. |
PHP 1:8	PHP 1:8	3	| GRC | FRA |\n| --: | :-- |\n| γάρ ὁ Θεός | Because God |\n| μάρτυς μου | *is* testifier of me |\n| ὡς | that |\n| ἐπιποθῶ | I truly love |\n| ὑμᾶς πάντας | you all |\n| ἐν σπλάγχνοις | in *the* entrails |\n| Χριστοῦ Ἰησοῦ | of Christ Jesus. |
PHP 1:9	PHP 1:11	4	| GRC | FRA |\n| --: | :-- |\n| καὶ προσεύχομαι τοῦτο | And I pray this, |\n| ἵνα | that |\n| ἡ ἀγάπη ὑμῶν | the love of you |\n| περισσεύῃ | may abound |\n| ἔτι μᾶλλον καὶ μᾶλλον | more and more |\n| ἐν ἐπιγνώσει | in knowledge |\n| καὶ πάσῃ αἰσθήσει | and in all discernment |\n| εἰς τὸ δοκιμάζειν ὑμᾶς | for the distinguishing, for-your-concern, |\n| τὰ διαφέροντα | the better things |\n| ἵνα | so that |\n| ἦτε εἰλικρινεῖς | you may be pure |\n| καὶ ἀπρόσκοποι | and blameless |\n| εἰς ἡμέραν Χριστοῦ | for *the* day of Christ |\n| πεπληρωμένοι | having become filled |\n| καρπὸν δικαιοσύνης | of the fruit of justice |\n| τὸν | the one that comes |\n| διὰ Ἰησοῦ Χριστοῦ | through Jesus Christ |\n| εἰς δόξαν καὶ ἔπαινον Θεοῦ | for *the* glory and *the* worshipping of God. |
PHP 1:12	PHP 1:14	5	| GRC | FRA |\n| --: | :-- |\n| δὲ | Now, |\n| ἀδελφοί | brother, |\n| βούλομαι ὑμᾶς γινώσκειν | I want you to know |\n| ὅτι | that |\n| τὰ | the things |\n| κατ’ ἐμὲ | about me |\n| ἐλήλυθεν | happened |\n| μᾶλλον εἰς προκοπὴν τοῦ εὐαγγελίου | rather for *the* progress of the gospel |\n| ὥστε | so that |\n| τοὺς δεσμούς μου | the bonds of me |\n| ἐν Χριστῷ | in Christ |\n| γενέσθαι φανεροὺς | have become clear |\n| ἐν ὅλῳ τῷ πραιτωρίῳ | in all the praetorium, |\n| καὶ πᾶσιν τοῖς λοιποῖς | and for all the remaining-people |\n| καὶ | and *that* |\n| τοὺς πλείονας τῶν ἀδελφῶν ἐν Κυρίῳ | the majority of the brother in *the* Lord |\n| πεποιθότας τοῖς δεσμοῖς μου | having-become-confident by the bonds of me |\n| τολμᾶν | dare |\n| περισσοτέρως | more |\n| λαλεῖν τὸν λόγον ἀφόβως | to speak the word fearlessly. |
PHP 1:15	PHP 1:15	6	| GRC | FRA |\n| --: | :-- |\n| τινὲς μὲν | Some |\n| καὶ καὶ | admittedly |\n| κηρύσσουσιν τὸν Χριστὸν | proclaim the Christ |\n| διὰ φθόνον καὶ ἔριν | because of envy and rivalry, |\n| δὲ τινὲς | but some |\n| δι’ εὐδοκίαν | *proclaim the Christ* by good will. |
PHP 1:16	PHP 1:17	7	| GRC | FRA |\n| --: | :-- |\n| οἱ μὲν | These ones |\n| ἐξ ἀγάπης | *proclaim the Christ* out of love, |\n| εἰδότες ὅτι | knowing that |\n| κεῖμαι | I am appointed |\n| εἰς ἀπολογίαν τοῦ εὐαγγελίου | for *the* defense of the gospel |\n| δὲ οἱ | but those one |\n| καταγγέλλουσιν τὸν Χριστὸν | openly-preach the Christ |\n| ἐξ ἐριθείας | out of ambition, |\n| οἰόμενοι | thinking |\n| οὐχ ἁγνῶς | not purely |\n| ἐγείρειν θλῖψιν | to raise tribulations |\n| τοῖς δεσμοῖς μου | in the bonds of me. |
PHP 1:18	PHP 1:18	8	| GRC | FRA |\n| --: | :-- |\n| τί γάρ | What then ? |
PHP 1:18	PHP 1:18	9	| GRC | FRA |\n| --: | :-- |\n| πλὴν ὅτι | *The* only *thing that matters is* that |\n| παντὶ τρόπῳ | in every way, |\n| εἴτε προφάσει εἴτε ἀληθείᾳ | whether by pretext, whether by truth, |\n| Χριστὸς καταγγέλλεται | Christ is proclaimed |\n| καὶ ἐν τούτῳ χαίρω | and in this I rejoice, |\n| ἀλλὰ καὶ | and |\n| χαρήσομαι | I will rejoice. |
PHP 1:19	PHP 1:20	10	| GRC | FRA |\n| --: | :-- |\n| γὰρ οἶδα ὅτι | Because I know that |\n| τοῦτό ἀποβήσεται μοι | this will-turn-out for me |\n| εἰς σωτηρίαν | to salvation |\n| διὰ τῆς δεήσεως ὑμῶν | through the prayer of you, |\n| καὶ ἐπιχορηγίας τοῦ Πνεύματος Ἰησοῦ Χριστοῦ | and *through* the assistance of the Spirit of Jesus Christ |\n| κατὰ τὴν ἀποκαραδοκίαν | according to *my* earnest-expectation |\n| καὶ ἐλπίδα μου | and *the* hope of me, |\n| ὅτι αἰσχυνθήσομαι ἐν οὐδενὶ | that I-will-not-be-ashamed in anything |\n| ἀλλ’ ἐν πάσῃ παρρησίᾳ | but *that* in all boldness, |\n| ὡς νῦν καὶ πάντοτε | as now and *as* always, |\n| Χριστὸς μεγαλυνθήσεται | Christ will be magnified |\n| ἐν τῷ σώματί μου | in the body of me, |\n| εἴτε διὰ ζωῆς εἴτε διὰ θανάτου | whether though *my* life, whether through *my* death. |
PHP 1:21	PHP 1:21	11	| GRC | FRA |\n| --: | :-- |\n| γὰρ ἐμοὶ | Because for me, |\n| τὸ ζῆν Χριστὸς | the life *is* Christ |\n| καὶ τὸ ἀποθανεῖν κέρδος | and to die *is* a gain. |
PHP 1:22	PHP 1:22	12	| GRC | FRA |\n| --: | :-- |\n| δὲ | But |\n| εἰ | if *I have to pursue* |\n| τὸ ζῆν ἐν σαρκί | the life in *the* flesh, |\n| τοῦτό μοι καρπὸς ἔργου | this *is* for me a fruit of labour. |
PHP 1:22	PHP 1:22	13	| GRC | FRA |\n| --: | :-- |\n| καὶ τί αἱρήσομαι | And what I-would-choose, |\n| οὐ γνωρίζω | I do not know. |
PHP 1:23	PHP 1:24	14	| GRC | FRA |\n| --: | :-- |\n| δὲ | But |\n| συνέχομαι ἐκ τῶν δύο | I am hard pressed between the two, |\n| ἔχων τὴν ἐπιθυμίαν εἰς τὸ ἀναλῦσαι | having the desire to depart |\n| καὶ εἶναι σὺν Χριστῷ | and to be with Christ, |\n| γὰρ πολλῷ μᾶλλον κρεῖσσον | because *that is* very much better, |\n| δὲ τὸ ἐπιμένειν ἐν τῇ σαρκὶ | but to remain in the flesh |\n| ἀναγκαιότερον δι’ ὑμᾶς | *is* necessary because of you. |
PHP 1:25	PHP 1:26	15	| GRC | FRA |\n| --: | :-- |\n| καὶ πεποιθὼς τοῦτο | And being-confident of this, |\n| οἶδα ὅτι μενῶ | I-know that I-will-stay |\n| καὶ παραμενῶ ὑμῖν πᾶσιν | and *that* I-will-remain for you all, |\n| εἰς τὴν προκοπὴν ὑμῶν καὶ χαρὰν τῆς πίστεως | for the progress of you and joy *of you* of the faith, |\n| ἵνα τὸ καύχημα ὑμῶν | so that the reason-of-boasting of you |\n| περισσεύῃ ἐν Χριστῷ Ἰησοῦ | may abound in Christ Jesus |\n| ἐν ἐμοὶ | by me |\n| διὰ τῆς ἐμῆς παρουσίας | through my coming |\n| πάλιν πρὸς ὑμᾶς | again to you. |
PHP 1:27	PHP 1:30	16	| GRC | FRA |\n| --: | :-- |\n| μόνον πολιτεύεσθε ἀξίως | Only, conduct-your-life *in a manner* worthy |\n| τοῦ εὐαγγελίου τοῦ Χριστοῦ | of the gospel of Christ |\n| ἵνα | so that |\n| εἴτε ἐλθὼν καὶ ἰδὼν ὑμᾶς | whether coming and seeing you, |\n| εἴτε ἀπὼν | wheter being-absent, |\n| ἀκούω τὰ περὶ ὑμῶν | I may hear about you |\n| ὅτι στήκετε ἐν ἑνὶ πνεύματι | that you stand-firm in one spirit, |\n| συναθλοῦντες μιᾷ ψυχῇ | striving-together in one soul |\n| τῇ πίστει τοῦ εὐαγγελίου | for the faith of the gospel |\n| καὶ μὴ πτυρόμενοι | and not being-frightened |\n| ἐν μηδενὶ | in anything |\n| ὑπὸ τῶν ἀντικειμένων | by *our* opponents, |\n| ἔνδειξις ἥτις ἐστὶν αὐτοῖς | a sign which is for them |\n| ἀπωλείας | *a sign* of destruction, |\n| δὲ σωτηρίας ὑμῶν | but of *the* salvation of you, |\n| καὶ τοῦτο ἀπὸ Θεοῦ | and this *is* from God |\n| ὅτι τὸ ὑπὲρ Χριστοῦ | because this in Christ's sake |\n| ἐχαρίσθη | has been granted |\n| ὑμῖν | to you |\n| οὐ μόνον τὸ πιστεύειν εἰς αὐτὸν | non only to believe in Him |\n| ἀλλὰ καὶ τὸ πάσχειν ὑπὲρ αὐτοῦ | but also to suffert for His sake, |\n| ἔχοντες τὸν αὐτὸν ἀγῶνα | having the same struggle |\n| οἷον εἴδετε | that you saw |\n| ἐν ἐμοὶ | in me, |\n| καὶ | and |\n| ἀκούετε ἐν ἐμοί νῦν | *that* your hear *to be* in me now. |
PHP 2:1	PHP 2:2	17	| GRC | FRA |\n| --: | :-- |\n| οὖν | So |\n| εἴ τις παράκλησις ἐν Χριστῷ | if *there is* any encouragement in Christ, |\n| εἴ τι παραμύθιον ἀγάπης | if *there is* any comfort in love, |\n| εἴ τις κοινωνία Πνεύματος | if *there is* any fellowship of the Spirit, |\n| εἴ τις σπλάγχνα καὶ οἰκτιρμοί | if *there is* any affection and compassion, |\n| πληρώσατέ τὴν χαρὰν μου | fulfill the joy of me, |\n| ἵνα φρονῆτε τὸ αὐτὸ | that you-may-think the same *way |\n| ἔχοντες τὴν αὐτὴν ἀγάπην | having the same love, |\n| σύνψυχοι | united in spirit, |\n| φρονοῦντες τὸ ἓν | thinking on one *goal*. |
PHP 2:3	PHP 2:4	18	| GRC | FRA |\n| --: | :-- |\n| μηδὲν κατ’ ἐριθείαν | *Do* nothing from selfish-ambition, |\n| μηδὲ κατὰ κενοδοξίαν | neither from vain-glory, |\n| ἀλλὰ τῇ ταπεινοφροσύνῃ | but in humility, |\n| ἡγούμενοι ἀλλήλους | regarding one another as |\n| ὑπερέχοντας ἑαυτῶν | being better than yourselves, |\n| ἕκαστος μὴ σκοποῦντες τὰ ἑαυτῶν | each-one not looking the *things* of your own |\n| ἀλλὰ | mais |\n| ἕκαστοι καὶ τὰ ἑτέρων | each-one also *looking* the *things* of others. |
PHP 2:5	PHP 2:7	19	| GRC | FRA |\n| --: | :-- |\n| φρονεῖτε ἐν ὑμῖν | Think in you |\n| τοῦτο ὃ | this *way* which |\n| καὶ ἐν Χριστῷ Ἰησοῦ | also *was* in Christ Jesus : |\n| ὃς ὑπάρχων | who existing |\n| ἐν μορφῇ Θεοῦ | in the form of God |\n| οὐχ ἡγήσατο | did not consider |\n| τὸ εἶναι ἴσα Θεῷ | to be equal to God |\n| ἁρπαγμὸν | a thing to be grasped, |\n| ἀλλὰ ἐκένωσεν | but emptied |\n| ἑαυτὸν | Himself |\n| λαβών μορφὴν δούλου | taking *the* form of a slave |\n| γενόμενος ἐν ὁμοιώματι ἀνθρώπων | becoming in *the* likeness of men. |
PHP 2:7	PHP 2:8	20	| GRC | FRA |\n| --: | :-- |\n| καὶ εὑρεθεὶς | And being found |\n| σχήματι | in appearance |\n| ὡς ἄνθρωπος | like a men, |\n| ἐταπείνωσεν ἑαυτὸν | He humbled Himself |\n| γενόμενος ὑπήκοος μέχρι θανάτου | becoming obediend unto death, |\n| δὲ θανάτου σταυροῦ | even death of *the* cros. |
PHP 2:9	PHP 2:11	21	| GRC | FRA |\n| --: | :-- |\n| διὸ καὶ | Therefore |\n| ὁ Θεὸς ὑπερύψωσεν αὐτὸν | God highly exalted Him |\n| καὶ ἐχαρίσατο | and favored |\n| αὐτῷ | Him |\n| τὸ ὄνομα | a name |\n| τὸ ὑπὲρ πᾶν ὄνομα | which *is* above every name |\n| ἵνα ἐν τῷ ὀνόματι Ἰησοῦ | so-that at the name of Jesus |\n| πᾶν γόνυ | every knee |\n| ἐπουρανίων | of the heavenlies |\n| καὶ ἐπιγείων | and of the earthlies |\n| καὶ καταχθονίων | and of the subterraneans |\n| κάμψῃ | will bow |\n| καὶ πᾶσα γλῶσσα | and every tongue |\n| ἐξομολογήσηται ὅτι | will confess that |\n| Ἰησοῦς Χριστὸς Κύριος | Jesus Christ *is* Lord |\n| εἰς δόξαν Θεοῦ Πατρὸς | to *the* glory of God *the* Father. |
PHP 2:12	PHP 2:12	22	| GRC | FRA |\n| --: | :-- |\n| ὥστε | Thereforme, |\n| ἀγαπητοί μου | beloved of me, |\n| καθὼς πάντοτε ὑπηκούσατε | just-as always you obeyed, |\n| κατεργάζεσθε τὴν σωτηρίαν ἑαυτῶν | work-out the salvation of yourselves |\n| μετὰ φόβου καὶ τρόμου | with fear and trembling |\n| μὴ μόνον | not only |\n| ὡς ἐν τῇ παρουσίᾳ μου | as in the presence of me |\n| ἀλλὰ νῦν | but now |\n| πολλῷ μᾶλλον | much more |\n| ἐν τῇ ἀπουσίᾳ μου | ine the absence of me |
PHP 2:13	PHP 2:13	23	| GRC | FRA |\n| --: | :-- |\n| γάρ Θεὸς ἐστιν | Because God is |\n| ὁ ἐνεργῶν | the one working |\n| καὶ τὸ θέλειν | and to will |\n| καὶ τὸ ἐνεργεῖν | and to work |\n| ἐν ὑμῖν | in you |\n| ὑπὲρ τῆς εὐδοκίας | for His good pleasure. |
PHP 2:14	PHP 2:17	24	| GRC | FRA |\n| --: | :-- |\n| ποιεῖτε πάντα | Do all things |\n| χωρὶς γογγυσμῶν καὶ διαλογισμῶν | withough complaints and disputes |\n| ἵνα γένησθε | so that you may be |\n| ἄμεμπτοι καὶ ἀκέραιοι | blameless and innocent, |\n| τέκνα Θεοῦ ἄμωμα | children of God without blemishes |\n| μέσον γενεᾶς | in the midst of a generation |\n| σκολιᾶς καὶ διεστραμμένης | crooked and having-been-perverted |\n| ἐν οἷς | among who |\n| φαίνεσθε | you shine |\n| ὡς φωστῆρες ἐν κόσμῳ | as lights in *the* world, |\n| ἐπέχοντες λόγον ζωῆς | holding-fast *the* word of life, |\n| εἰς καύχημα ἐμοὶ | for the-reason-to-boast of me |\n| εἰς ἡμέραν Χριστοῦ | in *the* day of Christ |\n| ὅτι | because |\n| οὐκ ἔδραμον | I did not run |\n| εἰς κενὸν | in vain, |\n| οὐδὲ εἰς κενὸν | nor in vain |\n| ἐκοπίασα | I did work hard, |\n| ἀλλ’ εἰ καὶ | and even if |\n| σπένδομαι | I am offered up |\n| ἐπὶ τῇ θυσίᾳ | upon the sacrifice |\n| καὶ λειτουργίᾳ | and *the* service |\n| τῆς πίστεως ὑμῶν | of the faith of you, |\n| χαίρω | I rejoice |\n| καὶ συνχαίρω ὑμῖν πᾶσιν | and I rejoice with you all. |
PHP 2:18	PHP 2:18	25	| GRC | FRA |\n| --: | :-- |\n| δὲ | And |\n| ὑμεῖς καὶ | you also, |\n| χαίρετε τὸ αὐτὸ | rejoice *for* the same *thing* |\n| καὶ συνχαίρετέ μοι | and rejoice-with me. |
PHP 2:19	PHP 2:19	26	| GRC | FRA |\n| --: | :-- |\n| δὲ ἐλπίζω | And I hope |\n| ἐν Κυρίῳ Ἰησοῦ | in Christ Jesus |\n| πέμψαι ταχέως ὑμῖν Τιμόθεον | to-seend soon to you Timothy, |\n| ἵνα | so that |\n| κἀγὼ | I also |\n| εὐψυχῶ | may be comforted |\n| γνοὺς | knoing |\n| τὰ περὶ ὑμῶν | the *news* of you. |
PHP 2:20	PHP 2:20	27	| GRC | FRA |\n| --: | :-- |\n| γὰρ ἔχω οὐδένα | Because I have no-one |\n| ἰσόψυχον | likeminded |\n| ὅστις | who |\n| μεριμνήσει γνησίως | will remember genuinely |\n| τὰ περὶ ὑμῶν | the *things* about you. |
PHP 2:21	PHP 2:21	28	| GRC | FRA |\n| --: | :-- |\n| γὰρ | Because |\n| οἱ πάντες | they all |\n| ζητοῦσιν τὰ ἑαυτῶν | seek the *things* of themselves, |\n| οὐ τὰ Ἰησοῦ Χριστοῦ | not the *things* of Jesus Christ. |
PHP 2:22	PHP 2:22	29	| GRC | FRA |\n| --: | :-- |\n| δὲ γινώσκετε | But you know |\n| τὴν δοκιμὴν αὐτοῦ | the proven *faith* of him |\n| ὅτι ἐδούλευσεν εἰς τὸ εὐαγγέλιον | because he served the gospel |\n| σὺν ἐμοὶ | with me |\n| ὡς τέκνον πατρὶ | as a child *with his* father.  |
PHP 2:23	PHP 2:24	30	| GRC | FRA |\n| --: | :-- |\n| μὲν | In one hand, |\n| ἐλπίζω οὖν | I hope there |\n| πέμψαι τοῦτον | to send him |\n| ὡς ἂν | as soon as |\n| ἀφίδω | I see |\n| τὰ περὶ ἐμὲ | the *things* about me |\n| ἐξαυτῆς | immediately ; |\n| δὲ | but on the other hand |\n| πέποιθα ἐν Κυρίῳ | I-am-confident in *the* Lord |\n| ὅτι αὐτὸς καὶ | that myself also |\n| ἐλεύσομαι ταχέως | I will come shortly. |
PHP 2:25	PHP 2:26	31	| GRC | FRA |\n| --: | :-- |\n| δὲ ἡγησάμην ἀναγκαῖον | But I thought *it* necessary |\n| πέμψαι πρὸς ὑμᾶς | to send to you |\n| Ἐπαφρόδιτον | Epaphroditus, |\n| τὸν ἀδελφὸν | the brother *of me* |\n| καὶ συνεργὸν | and fellow-worker *of me* |\n| καὶ συνστρατιώτην μου | and fellow-soldier of me, |\n| δὲ ἀπόστολον | and messenger *of you* |\n| καὶ λειτουργὸν ὑμῶν | and minister of you |\n| τῆς χρείας μου | to the need of me, |\n| ἐπειδὴ | because |\n| ἦν ἐπιποθῶν | he was longing-for |\n| ὑμᾶς πάντας | you all, |\n| καὶ ἀδημονῶν | and was-being-distressed, |\n| διότι | because |\n| ἠκούσατε | you heard |\n| ὅτι ἠσθένησεν | that he-has-been-sick. |
PHP 2:27	PHP 2:27	32	| GRC | FRA |\n| --: | :-- |\n| καὶ γὰρ ἠσθένησεν | And indeed he has sick |\n| παραπλήσιον θανάτῳ | nigh-unto death, |\n| ἀλλὰ ὁ Θεὸς | but God |\n| ἠλέησεν αὐτόν | had mercy on him |\n| δὲ οὐκ μόνον | and not only |\n| αὐτὸν | on him |\n| ἀλλὰ καὶ ἐμέ | but also on me, |\n| ἵνα μὴ σχῶ | so that I should not have |\n| λύπην ἐπὶ λύπην | sorrow upon sorrow. |
PHP 2:28	PHP 2:28	33	| GRC | FRA |\n| --: | :-- |\n| οὖν | Therefore |\n| ἔπεμψα αὐτὸν | I sent him |\n| σπουδαιοτέρως | the more eagerly |\n| ἵνα χαρῆτε | so that you may rejoice |\n| ἰδόντες πάλιν | seeing again |\n| αὐτὸν | him, |\n| κἀγὼ | and I |\n| ὦ ἀλυπότερος | may be less concerned.  |
PHP 2:29	PHP 2:30	34	| GRC | FRA |\n| --: | :-- |\n| οὖν | So |\n| προσδέχεσθε αὐτὸν | receive him |\n| ἐν Κυρίῳ | in *the* Lord |\n| μετὰ πάσης χαρᾶς | with all joy |\n| καὶ ἔχετε τοὺς τοιούτους | and hold such *men* |\n| ἐντίμους | in high regard, |\n| ὅτι ἤγγισεν | because he came |\n| μέχρι θανάτου | close to death |\n| διὰ τὸ ἔργον Χριστοῦ | for the work of Christ |\n| παραβολευσάμενος | having-risked his |\n| τῇ ψυχῇ | life |\n| ἵνα ἀναπληρώσῃ | so that he may fulfill |\n| τὸ ὑστέρημα ὑμῶν | the lack of you |\n| τῆς λειτουργίας | of service, |\n| πρός με | to me. |
PHP 3:1	PHP 3:1	35	| GRC | FRA |\n| --: | :-- |\n| τὸ λοιπόν | Finally, |\n| ἀδελφοί μου | brothers of me, |\n| χαίρετε ἐν Κυρίῳ | rejoice in *the* Lord. |
PHP 3:1	PHP 3:1	36	| GRC | FRA |\n| --: | :-- |\n| γράφειν ὑμῖν | To write to you |\n| τὰ αὐτὰ | the same *things* |\n| οὐκ ὀκνηρόν | is no trouble |\n| ἐμοὶ μὲν | to me on-one-hand, |\n| ὑμῖν δὲ | for you on-another-hand, |\n| ἀσφαλές | *it is* save. |
PHP 3:2	PHP 3:2	37	| GRC | FRA |\n| --: | :-- |\n| βλέπετε τοὺς κύνας | Look-out-for the dogs; |\n| βλέπετε τοὺς κακοὺς ἐργάτας | look-out-for the evil workers; |\n| βλέπετε τὴν κατατομήν | look-out-for the circumcision. |
PHP 3:3	PHP 3:4	38	| GRC | FRA |\n| --: | :-- |\n| γάρ | Because |\n| ἡμεῖς ἐσμεν | we are |\n| ἡ περιτομή | the circumcision, |\n| οἱ λατρεύοντες | those worshipping |\n| Πνεύματι Θεοῦ | the Spirit of God, |\n| καὶ καυχώμενοι | and boasting |\n| ἐν Χριστῷ Ἰησοῦ | in Christ Jesus, |\n| καὶ οὐκ πεποιθότες | and not having-confidence |\n| ἐν σαρκὶ | in *the* flesh, |\n| καίπερ ἐγὼ | although I |\n| ἔχων καὶ | having also |\n| πεποίθησιν ἐν σαρκί | confidence in *the* flesh. |
PHP 3:4	PHP 3:6	39	| GRC | FRA |\n| --: | :-- |\n| εἴ τις ἄλλος | If anyone else |\n| δοκεῖ | thinks |\n| πεποιθέναι ἐν σαρκί | to-have-confidence in *the* flesh, |\n| ἐγὼ μᾶλλον | I more : |\n| περιτομῇ | circumcisied |\n| ὀκταήμερος | the eighth day |\n| ἐκ γένους Ἰσραήλ | of *the* offspring of Israel |\n| φυλῆς Βενιαμείν | of the tribe of Benjamin, |\n| Ἑβραῖος ἐξ Ἑβραίων | Hebrew of Hebrews, |\n| Φαρισαῖος κατὰ νόμον | Pharisee as-touching *the* law, |\n| διώκων τὴν ἐκκλησίαν | persecuting the church |\n| κατὰ ζῆλος | concerning zeal, |\n| γενόμενος ἄμεμπτος | having-became blameless |\n| κατὰ δικαιοσύνην | touching *the* righteousness |\n| τὴν ἐν νόμῳ | which *is* in *the* law. |
PHP 3:7	PHP 3:7	40	| GRC | FRA |\n| --: | :-- |\n| ἅτινα | Whatever |\n| ἦν μοι | was for me |\n| κέρδη | a gain, |\n| ἥγημαι | I counted |\n| ταῦτα ζημίαν | it *as* loss, |\n| διὰ τὸν Χριστὸν | because of the Christ. |
PHP 3:8	PHP 3:11	41	| GRC | FRA |\n| --: | :-- |\n| ἀλλὰ μενοῦνγε | But |\n| καὶ | also |\n| ἡγοῦμαι πάντα | I counted all things |\n| εἶναι ζημίαν | to be loss |\n| διὰ τὸ ὑπερέχον | because of the excellency |\n| τῆς γνώσεως Χριστοῦ Ἰησοῦ | of the knowledge of Christ Jesus |\n| τοῦ Κυρίου μου | the Lord of me, |\n| δι’ ὃν | for whom |\n| ἐζημιώθην | I suffered the loss of |\n| τὰ πάντα | all *things*, |\n| καὶ ἡγοῦμαι | and I count |\n| σκύβαλα | *them as* garbages, |\n| ἵνα κερδήσω Χριστὸν | so-that I-may-gain Christ, |\n| καὶ εὑρεθῶ | and I may be found |\n| ἐν αὐτῷ | in Him, |\n| μὴ ἔχων | not having |\n| ἐμὴν δικαιοσύνην | my own righteousness, |\n| τὴν ἐκ νόμου | which *is* from *the* law |\n| ἀλλὰ τὴν διὰ πίστεως Χριστοῦ | but that *which comes* through faith of Christ, |\n| τὴν δικαιοσύνην ἐκ Θεοῦ | the righteousness from God |\n| ἐπὶ τῇ πίστει | on the faith, |\n| τοῦ γνῶναι αὐτὸν | to know Him |\n| καὶ τὴν δύναμιν | and the power |\n| τῆς ἀναστάσεως αὐτοῦ | of the resurrection of him.  |\n| καὶ κοινωνίαν | et la participation |\n| παθημάτων αὐτοῦ | aux souffrances de lui, |\n| συμμορφιζόμενος | étant devenu conforme |\n| τῷ θανάτῳ αὐτοῦ | à la mort de lui, |\n| εἴ πως | si d'une certaine manière |\n| καταντήσω | je parviens |\n| εἰς τὴν ἐξανάστασιν | à la résurrection |\n| τὴν ἐκ νεκρῶν | celle *d'*entre *les* morts. |
PHP 3:12	PHP 3:12	42	| GRC | FRA |\n| --: | :-- |\n| οὐχ ὅτι | Not that |\n| ἔλαβον ἤδη | I have obtained *it* already |\n| ἢ τετελείωμαι ἤδη | or have-become-perfect already, |\n| δὲ διώκω | but I press on |\n| εἰ καταλάβω καὶ | so that I-may-make-it-may-own and |\n| ἐφ’ ᾧ | for which |\n| κατελήμφθην καὶ | I was lay hold, *I* also |\n| ὑπὸ Χριστοῦ Ἰησοῦ | by Christ Jesus. |
PHP 3:13	PHP 3:14	43	| GRC | FRA |\n| --: | :-- |\n| ἀδελφοί | Brothers,, |\n| ἐγὼ οὐ λογίζομαι | I do not think  |\n| ἐμαυτὸν κατειληφέναι | myself having laid hold of *it* |\n| δέ ἓν | but one *thing I do* : |\n| μὲν ἐπιλανθανόμενος | forgetting |\n| τὰ ὀπίσω | those *things which are* behind |\n| δὲ | but |\n| ἐπεκτεινόμενος | stretching forward |\n| τοῖς ἔμπροσθεν | those *which are* before, |\n| διώκω κατὰ σκοπὸν | I-press-on toward *the* goal |\n| εἰς τὸ βραβεῖον | for the prize |\n| τῆς κλήσεως | of the call |\n| ἄνω | *which is* upward |\n| τοῦ Θεοῦ ἐν Χριστῷ Ἰησοῦ | of God in Christ Jesus. |
PHP 3:15	PHP 3:15	44	| GRC | FRA |\n| --: | :-- |\n| οὖν | Therefore; |\n| ὅσοι τέλειοι | as much as we are perfect, |\n| φρονῶμεν τοῦτο | think this *way*; |\n| καὶ εἴ | and if |\n| φρονεῖτε | you think |\n| τι ἑτέρως | anything otherwise, |\n| ὁ Θεὸς | God |\n| ἀποκαλύψει | will reveal |\n| τοῦτο καὶ | that also |\n| ὑμῖν | to you. |
PHP 3:16	PHP 3:16	45	| GRC | FRA |\n| --: | :-- |\n| πλὴν | However, |\n| εἰς ὃ | whereto |\n| ἐφθάσαμεν | we have attained,  |\n| στοιχεῖν |  *let us* walk |\n| τῷ αὐτῷ | by that same *rule*. |
PHP 3:17	PHP 3:17	46	| GRC | FRA |\n| --: | :-- |\n| γίνεσθε | Be |\n| συνμιμηταί μου | imitators of me |\n| ἀδελφοί | brothers, |\n| καὶ σκοπεῖτε | and look for |\n| τοὺς περιπατοῦντας | those walking |\n| οὕτω καθὼς | so, just as |\n| ἔχετε | you have |\n| ἡμᾶς | us |\n| τύπον | *as* an exemple.  |
PHP 3:18	PHP 3:19	47	| GRC | FRA |\n| --: | :-- |\n| γὰρ | For |\n| πολλοὶ περιπατοῦσιν | many walk, |\n| οὓς πολλάκις | of whom often |\n| ἔλεγον ὑμῖν | I told you |\n| δὲ νῦν λέγω | but now I tell *you* |\n| καὶ κλαίων | and crying, |\n| τοὺς ἐχθροὺς τοῦ σταυροῦ τοῦ Χριστοῦ | *as* enemies of the cross of Christ, |\n| ὧν τὸ τέλος | whoe end |\n| ἀπώλεια | *is* destruction, |\n| ὧν ὁ Θεὸς | whose god |\n| ἡ κοιλία | *is their* stomach, |\n| καὶ ἡ δόξα | and whose glory |\n| ἐν τῇ αἰσχύνῃ αὐτῶν | *is* the shame on them, |\n| οἱ φρονοῦντες | thinking |\n| τὰ ἐπίγεια | *on* the earthly *things*. |
PHP 3:20	PHP 3:21	48	| GRC | FRA |\n| --: | :-- |\n| γὰρ | Because |\n| τὸ πολίτευμα ἡμῶν | the citizenship of us |\n| ὑπάρχει | is |\n| ἐν οὐρανοῖς | in heaven, |\n| ἐξ οὗ καὶ | from which also |\n| ἀπεκδεχόμεθα | we eagerly wait for |\n| Σωτῆρα | a Savior, |\n| Κύριον Ἰησοῦν Χριστόν | *the* Lord Jesus Christ, |\n| ὃς μετασχηματίσει | who will transform |\n| τὸ σῶμα τῆς ταπεινώσεως ἡμῶν | the body of the humiliation of us |\n| σύμμορφον | into conformity |\n| τῷ σώματι τῆς δόξης αὐτοῦ | with the body of the glory of Him, |\n| κατὰ τὴν ἐνέργειαν | according to the capacity |\n| τοῦ αὐτὸν δύνασθαι | *through which* He is able |\n| καὶ ὑποτάξαι αὑτῷ | even to subject to Himself |\n| τὰ πάντα | all *things*. |
PHP 4:1	PHP 4:1	49	| GRC | FRA |\n| --: | :-- |\n| ὥστε | Therefore, |\n| ἀδελφοί μου | brothers of me |\n| ἀγαπητοὶ καὶ ἐπιπόθητοι | beloved and longed-for, |\n| χαρὰ καὶ στέφανός μου | joy and crown of me, |\n| οὕτως στήκετε | in-this-way stand firm |\n| ἐν Κυρίῳ ἀγαπητοί | in *the* Lord, beloved. |
PHP 4:2	PHP 4:2	50	| GRC | FRA |\n| --: | :-- |\n| παρακαλῶ Εὐοδίαν | I exhort Euodia |\n| καὶ παρακαλῶ Συντύχην | and I exhord Syntyche |\n| φρονεῖν τὸ αὐτὸ | to think the same *way* |\n| ἐν Κυρίῳ | in *the* Lord. |
PHP 4:3	PHP 4:3	51	| GRC | FRA |\n| --: | :-- |\n| ναὶ | Yes, |\n| ἐρωτῶ σέ καὶ | I ask you also |\n| γνήσιε σύνζυγε | genuine yokefellow, |\n| συνλαμβάνου αὐταῖς | help them, |\n| αἵτινες συνήθλησάν μοι | who labored with me |\n| ἐν τῷ εὐαγγελίῳ | in the gospel, |\n| μετὰ καὶ Κλήμεντος | with also Clement |\n| καὶ τῶν συνεργῶν λοιπῶν μου | and the fellow-workers remaining of me, |\n| ὧν τὰ ὀνόματα | whose names |\n| ἐν βίβλῳ ζωῆς | *are* in the book of life. |
PHP 4:4	PHP 4:4	52	| GRC | FRA |\n| --: | :-- |\n| χαίρετε ἐν Κυρίῳ | Rejoice in *the* Lord |\n| πάντοτε | always, |\n| ἐρῶ πάλιν | I will say again, |\n| χαίρετε | rejoice. |
PHP 4:5	PHP 4:5	53	| GRC | FRA |\n| --: | :-- |\n| τὸ ἐπιεικὲς ὑμῶν | The moderation of you, |\n| γνωσθήτω | let it be known |\n| πᾶσιν ἀνθρώποις | to all men. |
PHP 4:5	PHP 4:5	54	| GRC | FRA |\n| --: | :-- |\n| ὁ Κύριος ἐγγύς | The Lord *is* near. |
PHP 4:6	PHP 4:6	55	| GRC | FRA |\n| --: | :-- |\n| μεριμνᾶτε μηδὲν | Be anxious for nothing |\n| ἀλλ’ ἐν παντὶ | but in everything, |\n| τὰ αἰτήματα ὑμῶν | the requests of you |\n| γνωριζέσθω | make them be know |\n| πρὸς τὸν Θεόν | to God |\n| τῇ προσευχῇ καὶ τῇ δεήσει | by prayer and request |\n| μετὰ εὐχαριστίας | with thanksgiving. |
PHP 4:7	PHP 4:7	56	| GRC | FRA |\n| --: | :-- |\n| καὶ ἡ εἰρήνη τοῦ Θεοῦ | And the peace of God, |\n| ἡ ὑπερέχουσα | which surpasses |\n| πάντα νοῦν | all comprehensions, |\n| φρουρήσει τὰς καρδίας ὑμῶν | will-guard the hearts of you |\n| καὶ τὰ νοήματα ὑμῶν | and the minds of you |\n| ἐν Χριστῷ Ἰησοῦ | in Christ Jesus. |
PHP 4:8	PHP 4:8	57	| GRC | FRA |\n| --: | :-- |\n| τὸ λοιπόν | Finally, |\n| ἀδελφοί | brothers, |\n| ὅσα ἐστὶν ἀληθῆ | whatever is true, |\n| ὅσα σεμνά | whatever *is* honorable, |\n| ὅσα δίκαια | whatever *is* right, |\n| ὅσα ἁγνά | whatever *is* pure, |\n| ὅσα προσφιλῆ | whatever *is* lovely, |\n| ὅσα εὔφημα | whatever *is* commendable, |\n| εἴ τις ἀρετὴ | if *there is* any virtue, |\n| καὶ εἴ τις ἔπαινος | and if *there is* any praise, |\n| λογίζεσθε ταῦτα | consider these *things*. |
PHP 4:9	PHP 4:9	58	| GRC | FRA |\n| --: | :-- |\n| ἃ | These things |\n| καὶ ἐμάθετε | that you learned, |\n| καὶ παρελάβετε | and received, |\n| καὶ ἠκούσατε | and heard, |\n| καὶ εἴδετε | and saw |\n| ἐν ἐμοί | in me, |\n| πράσσετε ταῦτα | practice these *things*, |\n| καὶ ὁ Θεὸς τῆς εἰρήνης | and the Gof of peace |\n| ἔσται μεθ’ ὑμῶν | will-be with you. |
PHP 4:10	PHP 4:10	59	| GRC | FRA |\n| --: | :-- |\n| δὲ ἐχάρην μεγάλως | And I rejoice greatly |\n| ἐν Κυρίῳ | in *the* Lord, |\n| ὅτι | because that |\n| ἤδη ποτὲ | now at last |\n| ἀνεθάλετε | you flourished |\n| τὸ φρονεῖν ὑπὲρ ἐμοῦ | your caring toward me, |\n| ἐφ’ ᾧ | for whom |\n| ἐφρονεῖτε καὶ | you cared also |\n| δέ ἠκαιρεῖσθε | but you lacked opportunity. |
PHP 4:11	PHP 4:11	60	| GRC | FRA |\n| --: | :-- |\n| οὐχ ὅτι | Not that |\n| λέγω | I speak |\n| καθ’ ὑστέρησιν | of needs, |\n| ἐγὼ γὰρ | I, indeed, |\n| ἔμαθον | I learned |\n| εἶναι | to be |\n| αὐτάρκης | content |\n| ἐν οἷς εἰμι | in whatever *circumstances* I am. |
PHP 4:12	PHP 4:12	61	| GRC | FRA |\n| --: | :-- |\n| καὶ οἶδα ταπεινοῦσθαι | And I know how-to-be-humbled, |\n| καὶ οἶδα περισσεύειν | and I know how-to-abound. |
PHP 4:12	PHP 4:12	62	| GRC | FRA |\n| --: | :-- |\n| ἐν παντὶ | In all *thing* |\n| καὶ ἐν πᾶσιν | and in every *things*, |\n| μεμύημαι | I have learned |\n| καὶ χορτάζεσθαι | and to be filled, |\n| καὶ πεινᾶν | and to be hungry, |\n| καὶ περισσεύειν | and to abound, |\n| καὶ ὑστερεῖσθαι | and to lack. |
PHP 4:13	PHP 4:13	63	| GRC | FRA |\n| --: | :-- |\n| ἰσχύω πάντα | I can do all *things* |\n| ἐν τῷ ἐνδυναμοῦντί | through *Him* who strenghthens |\n| με | me. |
PHP 4:14	PHP 4:14	64	| GRC | FRA |\n| --: | :-- |\n| πλὴν | Nethertheless, |\n| ἐποιήσατε καλῶς | you did well |\n| συνκοινωνήσαντές | fellowshiping |\n| τῇ θλίψει μου | to the affliction of me. |
PHP 4:15	PHP 4:15	65	| GRC | FRA |\n| --: | :-- |\n| δὲ ὑμεῖς καὶ | And you also, |\n| Φιλιππήσιοι | Philippians, |\n| οἴδατε ὅτι | you know that |\n| ἐν ἀρχῇ τοῦ εὐαγγελίου | at the beginning *of the preaching* of the gospel, |\n| ὅτε ἐξῆλθον | when I left |\n| ἀπὸ Μακεδονίας | Macedonia, |\n| οὐδεμία ἐκκλησία | no chuch |\n| ἐκοινώνησεν μοι | fellowshipped with me |\n| εἰς λόγον δόσεως | in matter of giving |\n| καὶ λήμψεως | and receiving |\n| εἰ μὴ | but |\n| ὑμεῖς μόνοι | you alone. |
PHP 4:16	PHP 4:16	66	| GRC | FRA |\n| --: | :-- |\n| ὅτι καὶ | For even |\n| ἐν Θεσσαλονίκῃ | in Thessalonica, |\n| καὶ ἅπαξ καὶ δὶς | once and twicea |\n| ἐπέμψατε μοι | you sent to me |\n| εἰς τὴν χρείαν | for my need. |
PHP 4:17	PHP 4:17	67	| GRC | FRA |\n| --: | :-- |\n| οὐχ ὅτι | Not because |\n| ἐπιζητῶ τὸ δόμα | I seek the gift, |\n| ἀλλὰ ἐπιζητῶ | but I seek |\n| τὸν καρπὸν | the fruit |\n| τὸν πλεονάζοντα | that increases |\n| εἰς λόγον ὑμῶν | to the account of you. |
PHP 4:18	PHP 4:18	68	| GRC | FRA |\n| --: | :-- |\n| δὲ ἀπέχω πάντα | But I receive all *things* |\n| καὶ περισσεύω | and I abound |\n| πεπλήρωμαι | and I am full, |\n| δεξάμενος | having received |\n| τὰ παρ’ ὑμῶν | the *things* of you |\n| παρὰ Ἐπαφροδίτου | from Epaphroditus, |\n| ὀσμὴν εὐωδίας | a smell of fragrant arome, |\n| θυσίαν δεκτήν | a sacrifice *that is* acceptable, |\n| εὐάρεστον τῷ Θεῷ | pleasing to God. |
PHP 4:19	PHP 4:19	69	| GRC | FRA |\n| --: | :-- |\n| δὲ ὁ Θεός μου | And the God of me |\n| πληρώσει πᾶσαν χρείαν ὑμῶν | will fulfill all need of you |\n| κατὰ τὸ πλοῦτος αὐτοῦ | according to the riches of Him, |\n| ἐν δόξῃ | in glory |\n| ἐν Χριστῷ Ἰησοῦ | in Christ Jesus. |
PHP 4:20	PHP 4:20	70	| GRC | FRA |\n| --: | :-- |\n| δὲ | And |\n| τῷ Θεῷ καὶ Πατρὶ ἡμῶν | to God and Father of us |\n| ἡ δόξα | *be* the glory |\n| εἰς τοὺς αἰῶνας τῶν αἰώνων | forever and ever. |
PHP 4:20	PHP 4:20	71	| GRC | FRA |\n| --: | :-- |\n| ἀμήν | Amen. |
PHP 4:21	PHP 4:22	72	| GRC | FRA |\n| --: | :-- |\n| ἀσπάσασθε | Greet |\n| πάντα ἅγιον | every saint |\n| ἐν Χριστῷ Ἰησοῦ | in Christ Jesus, |\n| οἱ ἀδελφοί σὺν ἐμοὶ | the brothers *who are* with me |\n| ἀσπάζονται ὑμᾶς | greet you, |\n| πάντες οἱ ἅγιοι | all the saints |\n| ἀσπάζονται ὑμᾶς | greet you |\n| δὲ μάλιστα | especially |\n| οἱ ἐκ οἰκίας | those from *the* household |\n| τῆς Καίσαρος | of Ceaser. |
PHP 4:23	PHP 4:23	73	| GRC | FRA |\n| --: | :-- |\n| ἡ χάρις | he grace |\n| τοῦ Κυρίου Ἰησοῦ Χριστοῦ | of *the* Lord Jesus Christ |\n| μετὰ τοῦ πνεύματος ὑμῶν | *be* with the spirit of you. |
PHP 4:23	PHP 4:23	74	| GRC | FRA |\n| --: | :-- |\n| ἀμήν | Amen. |
