PHP 1:1	PHP 1:2	1	| GRC | FRA |\n| --: | :-- |\n| Παῦλος καὶ Τιμόθεος | Paul et Timothée, |\n| δοῦλοι Χριστοῦ Ἰησοῦ | serviteurs du Christ Jésus |\n| πᾶσιν τοῖς ἁγίοις | à tous les saints |\n| ἐν Χριστῷ Ἰησοῦ | en Christ Jésus |\n| τοῖς οὖσιν | ceux étant |\n| ἐν Φιλίπποις | à Philippes, |\n| σὺν ἐπισκόποις καὶ διακόνοις | avec *les* évêques et *les* diacres : |\n| χάρις καὶ εἰρήνη ὑμῖν | *que la* grâce et *la* paix *soient* à vous |\n| ἀπὸ Θεοῦ Πατρὸς ἡμῶν | de la part de Dieu *le* Père de nous |\n| καὶ Κυρίου Ἰησοῦ Χριστοῦ | et du Seigneur Jésus Christ. |\n|  |  |
PHP 1:3	PHP 1:7	2	| GRC | FRA |\n| --: | :-- |\n| εὐχαριστῶ | Je remercie |\n| τῷ Θεῷ μου | le Dieu de moi |\n| ἐπὶ πάσῃ τῇ μνείᾳ | dans chaque souvenir |\n| ὑμῶν | de vous, |\n| ἐν πάσῃ δεήσει μου | dans chaque chaque prière de moi, |\n| ποιούμενος τὴν δέησιν | faisant ma prière |\n| πάντοτε μετὰ χαρᾶς | toujours avec joie |\n| ὑπὲρ ὑμῶν πάντων | pour vous tous, |\n| ἐπὶ τῇ κοινωνίᾳ ὑμῶν | à cause de la participation de vous |\n| εἰς τὸ εὐαγγέλιον | à *l'avancement de* l'évangile, |\n| ἀπὸ τῆς πρώτης ἡμέρας | depuis le premier jour  |\n| ἄχρι τοῦ νῦν | jusqu'à maintenant ;   |\n| πεποιθὼς | étant devenu confiant en |\n| τοῦτο αὐτὸ | cette chose,  |\n| ὅτι | *à savoir* que  |\n| ὁ ἐναρξάμενος | le ayant-commencé  |\n| ἔργον ἀγαθὸν | une oeuvre bonne |\n| ἐν ὑμῖν | en vous,  |\n| ἐπιτελέσει ἄχρι ἡμέρας Χριστοῦ Ἰησοῦ | *la* complétera jusqu'au jour du Christ Jésus ;   |\n| καθώς | Ainsi  |\n| ἐστιν δίκαιον ἐμοὶ | il est juste pour moi  |\n| φρονεῖν τοῦτο | *de* ressentir cela  |\n| ὑπὲρ ὑμῶν πάντων | pour vous tous,  |\n| διὰ | à cause de  |\n|  |  |\n|  | vous |\n| τὸ ἔχειν με | le fait-d'avoir quant-à-moi  |\n| ἐν τῇ καρδίᾳ | vous tous étant |\n| ὑμᾶς πάντας ὄντας |  |\n| συνκοινωνούς μου | de la grâce |\n| τῆς χάριτος ὑμᾶς | de la grâce |\n| τε | non seulement |\n| ἔν τοῖς δεσμοῖς μου | dans les chaînes de moi, |\n| καὶ | mais encore |\n| ἐν τῇ ἀπολογίᾳ | dans ma défense |\n| καὶ βεβαιώσει τοῦ εὐαγγελίου | et *dans ma* consolidation de l'évangile.  |\n|  |  |\n|  |  |
PHP 1:8	PHP 1:8	3	| GRC | FRA |\n| --: | :-- |\n| γάρ ὁ Θεός | Car Dieu |\n| μάρτυς μου | *est* témoin de moi, |\n| ὡς | que |\n| ἐπιποθῶ | j'aime grandement |\n| ὑμᾶς πάντας | vous tous |\n| ἐν σπλάγχνοις | avec *les* entrailles |\n| Χριστοῦ Ἰησοῦ | du Christ Jésus. |
PHP 1:9	PHP 1:11	4	| GRC | FRA |\n| --: | :-- |\n| καὶ προσεύχομαι τοῦτο | Et je prie cela, |\n| ἵνα | que |\n| ἡ ἀγάπη ὑμῶν | l'amour de vous |\n| περισσεύῃ | abonde |\n| ἔτι μᾶλλον καὶ μᾶλλον | de plus en plus |\n| ἐν ἐπιγνώσει | dans *la* connaissance |\n| καὶ πάσῃ αἰσθήσει | et dans tout discernement, |\n| εἰς τὸ δοκιμάζειν ὑμᾶς | pour le fait-de-distinguer quant-à-vous |\n| τὰ διαφέροντα | les choses-meilleures |\n| ἵνα | afin que |\n| ἦτε εἰλικρινεῖς | vous soyez purs |\n| καὶ ἀπρόσκοποι | et sans-reproche |\n| εἰς ἡμέραν Χριστοῦ | pour *le* jour du Christ, |\n| πεπληρωμένοι | étant devenus pleins |\n| καρπὸν δικαιοσύνης | *du* fruit de justice |\n| τὸν | celui qui vient |\n| διὰ Ἰησοῦ Χριστοῦ | par Jésus Christ, |\n| εἰς δόξαν καὶ ἔπαινον Θεοῦ | pour *la* gloire et *la* louange de Dieu. |
PHP 1:12	PHP 1:14	5	| GRC | FRA |\n| --: | :-- |\n| δὲ | Maintenant, |\n| ἀδελφοί | frères, |\n| βούλομαι ὑμᾶς γινώσκειν | je veux *que* vous sachiez, |\n| ὅτι | que |\n| τὰ | les choses |\n| κατ’ ἐμὲ | au sujet de moi, |\n| ἐλήλυθεν | sont survenues |\n| μᾶλλον εἰς προκοπὴν τοῦ εὐαγγελίου | plutôt pour *le* progrès de l'évangile ; |\n| ὥστε | de sorte que |\n| τοὺς δεσμούς μου | les chaînes de moi |\n| ἐν Χριστῷ | en Christ |\n| γενέσθαι φανεροὺς | sont-devenues manifestes |\n| ἐν ὅλῳ τῷ πραιτωρίῳ | dans tout le prétoire |\n| καὶ πᾶσιν τοῖς λοιποῖς | et pour toutes les personnes-restantes ; |\n| καὶ | et *que* |\n| τοὺς πλείονας τῶν ἀδελφῶν ἐν Κυρίῳ | la plupart des frères dans *le* Seigneur |\n| πεποιθότας τοῖς δεσμοῖς μου | étant-devenus-confiants par les chaînes de moi, |\n| τολμᾶν | osent |\n| περισσοτέρως | avec plus d'empressement |\n| λαλεῖν τὸν λόγον ἀφόβως | annoncer la parole sans-peur. |
PHP 1:15	PHP 1:15	6	| GRC | FRA |\n| --: | :-- |\n| τινὲς μὲν | Plusieurs |\n| καὶ καὶ | il est vrai |\n| κηρύσσουσιν τὸν Χριστὸν | proclament le Christ |\n| διὰ φθόνον καὶ ἔριν | par jalousie et rivalité, |\n| δὲ τινὲς | mais d'autres |\n| δι’ εὐδοκίαν | *proclament le Christ* par bonne-intention. |
PHP 1:16	PHP 1:17	7	| GRC | FRA |\n| --: | :-- |\n| οἱ μὲν | Ceux-ci |\n| ἐξ ἀγάπης | *proclament le Christ* par amour |\n| εἰδότες ὅτι | sachant que |\n| κεῖμαι | je suis établi |\n| εἰς ἀπολογίαν τοῦ εὐαγγελίου | pour *la* défense de l'évangile, |\n| δὲ οἱ | mais ceux-là |\n| καταγγέλλουσιν τὸν Χριστὸν | proclament-ouvertement le Christ |\n| ἐξ ἐριθείας | par ambition, |\n| οἰόμενοι | pensant |\n| οὐχ ἁγνῶς | pas purement |\n| ἐγείρειν θλῖψιν | élever une tribulation |\n| τοῖς δεσμοῖς μου | dans les chaînes de moi. |
PHP 1:18	PHP 1:18	8	| GRC | FRA |\n| --: | :-- |\n| τί γάρ | Quoi en-effet ? |
PHP 1:18	PHP 1:18	9	| GRC | FRA |\n| --: | :-- |\n| πλὴν ὅτι | *La* seule *chose qui compte, c'est* que |\n| παντὶ τρόπῳ | de toute manière, |\n| εἴτε προφάσει εἴτε ἀληθείᾳ | soit par prétexte, soit par vérité, |\n| Χριστὸς καταγγέλλεται | Christ est-proclamé-ouvertement |\n| καὶ ἐν τούτῳ χαίρω | et en cela je me réjouis, |\n| ἀλλὰ καὶ | mais encore |\n| χαρήσομαι | je me réjouirai. |
PHP 1:19	PHP 1:20	10	| GRC | FRA |\n| --: | :-- |\n| γὰρ οἶδα ὅτι | Car je-sais que |\n| τοῦτό ἀποβήσεται μοι | cela aboutira pour moi |\n| εἰς σωτηρίαν | au salut |\n| διὰ τῆς δεήσεως ὑμῶν | à travers la prière de vous, |\n| καὶ ἐπιχορηγίας τοῦ Πνεύματος Ἰησοῦ Χριστοῦ | et *à travers l'assistance* de l'Esprit de Jésus Christ, |\n| κατὰ τὴν ἀποκαραδοκίαν | selon ma ferme-assurance |\n| καὶ ἐλπίδα μου | et *l'*espoir de moi, |\n| ὅτι αἰσχυνθήσομαι ἐν οὐδενὶ | que je n'aurai-honte de rien, |\n| ἀλλ’ ἐν πάσῃ παρρησίᾳ | mais *qu'*en toute assurance, |\n| ὡς νῦν καὶ πάντοτε | maintenant comme toujours, |\n| Χριστὸς μεγαλυνθήσεται | Christ sera-glorifié |\n| ἐν τῷ σώματί μου | à travers le corps de moi, |\n| εἴτε διὰ ζωῆς εἴτε διὰ θανάτου | soit à travers *ma* vie soit à travers *ma* mort. |
PHP 1:21	PHP 1:21	11	| GRC | FRA |\n| --: | :-- |\n| γὰρ ἐμοὶ | Car pour moi |\n| τὸ ζῆν Χριστὸς | vivre *c'est* Christ, |\n| καὶ τὸ ἀποθανεῖν κέρδος | et mourir *c'est* un gain. |
PHP 1:22	PHP 1:22	12	| GRC | FRA |\n| --: | :-- |\n| δὲ | Cependant |\n| εἰ | si *je dois* |\n| τὸ ζῆν ἐν σαρκί | vivre *encore* dans la chair, |\n| τοῦτό μοι καρπὸς ἔργου | *alors* cela *sera* pour moi du fruit du travail. |
PHP 1:22	PHP 1:22	13	| GRC | FRA |\n| --: | :-- |\n| καὶ τί αἱρήσομαι | Et ce-que je préfèrerai |\n| οὐ γνωρίζω | je ne sais pas. |
PHP 1:23	PHP 1:24	14	| GRC | FRA |\n| --: | :-- |\n| δὲ | En fait, |\n| συνέχομαι ἐκ τῶν δύο | je suis-pressé par les deux *possibilités*, |\n| ἔχων τὴν ἐπιθυμίαν εἰς τὸ ἀναλῦσαι | ayant le désir de quitter *cette vie sur terre* |\n| καὶ εἶναι σὺν Χριστῷ | et d'être avec Christ, |\n| γὰρ πολλῷ μᾶλλον κρεῖσσον | car *c'est* de beaucoup plus le meilleur ;  |\n| δὲ τὸ ἐπιμένειν ἐν τῇ σαρκὶ | mais rester *vivre* dans la chair |\n| ἀναγκαιότερον δι’ ὑμᾶς | *est* plus-nécessaire à cause de vous. |
PHP 1:25	PHP 1:26	15	| GRC | FRA |\n| --: | :-- |\n| καὶ πεποιθὼς τοῦτο | Et confiant en cela, |\n| οἶδα ὅτι μενῶ | je sais que je resterai |\n| καὶ παραμενῶ ὑμῖν πᾶσιν | et *que* je demeurerai pour vous tous |\n| εἰς τὴν προκοπὴν ὑμῶν καὶ χαρὰν τῆς πίστεως | pour le progrès de vous et *pour votre* joie dans la foi, |\n| ἵνα τὸ καύχημα ὑμῶν | afin que la glorification de vous |\n| περισσεύῃ ἐν Χριστῷ Ἰησοῦ | abonde en Christ Jésus |\n| ἐν ἐμοὶ | à travers moi, |\n| διὰ τῆς ἐμῆς παρουσίας | par mon arrivée |\n| πάλιν πρὸς ὑμᾶς | à nouveau auprès de vous. |
PHP 1:27	PHP 1:30	16	| GRC | FRA |\n| --: | :-- |\n| μόνον πολιτεύεσθε ἀξίως | Seulement comportez-vous d'une-manière-digne |\n| τοῦ εὐαγγελίου τοῦ Χριστοῦ | de l'évangile du Christ, |\n| ἵνα | afin que |\n| εἴτε ἐλθὼν καὶ ὑμᾶς ἰδὼν | soit *moi* venant et vous voyant, |\n| εἴτε ἀπὼν | soit *moi* absent, |\n| ἀκούω τὰ περὶ ὑμῶν | j'entende cela à propos de vous, |\n| ὅτι στήκετε ἐν ἑνὶ πνεύματι | que vous restez-ferme en un seul esprit, |\n| συναθλοῦντες μιᾷ ψυχῇ | combattant d'une seule âme |\n| τῇ πίστει τοῦ εὐαγγελίου | pour la foi de l'évangile ; |\n| καὶ μὴ πτυρόμενοι | et n'étant effrayés |\n| ἐν μηδενὶ | en rien |\n| ὑπὸ τῶν ἀντικειμένων | par nos opposants, |\n| ἔνδειξις ἥτις ἐστὶν αὐτοῖς | *ce sera* un signe qui est pour eux |\n| ἀπωλείας | *un signe* de ruine, |\n| δὲ σωτηρίας ὑμῶν | mais *un signe* du salut de nous, |\n| καὶ τοῦτο ἀπὸ Θεοῦ | et cela de la part de Dieu ; |\n| ὅτι τὸ ὑπὲρ Χριστοῦ | parce que cette *chose* au nom de Christ |\n| ἐχαρίσθη | a été accordée par grâce |\n| ὑμῖν | à vous, |\n| οὐ μόνον τὸ πιστεύειν εἰς αὐτὸν | non seulement le *fait de* croire en lui, |\n| ἀλλὰ καὶ τὸ πάσχειν ὑπὲρ αὐτοῦ | mais encore le *fait de* souffrir pour lui, |\n| ἔχοντες τὸν αὐτὸν ἀγῶνα | *parce que vous* ayant le même combat, |\n| οἷον εἴδετε | *combat* que vous avez vu |\n| ἐν ἐμοὶ | en moi |\n| καὶ | et *que* |\n| ἀκούετε ἐν ἐμοί νῦν | vous entendez dans ma vie maintenant *encore*. |
PHP 2:1	PHP 2:2	17	| GRC | FRA |\n| --: | :-- |\n| οὖν | Donc |\n| εἴ τις παράκλησις ἐν Χριστῷ | *s'il y a* quelque encouragement en Christ, |\n| εἴ τι παραμύθιον ἀγάπης | *s'il y a* quelque soulagement dans *l'*amour |\n| εἴ τις κοινωνία Πνεύματος | *s'il y a* quelque communion dans *l'*Esprit, |\n| εἴ τις σπλάγχνα καὶ οἰκτιρμοί | *s'il y a* quelque compassion et de la miséricorde, |\n| πληρώσατέ τὴν χαρὰν μου | mettez le comble à ma joie, |\n| ἵνα φρονῆτε τὸ αὐτὸ | ressentez le même *sentiment* |\n| ἔχοντες τὴν αὐτὴν ἀγάπην | ayant le même amour, |\n| σύνψυχοι | *étant* d'une même âme, |\n| φρονοῦντες τὸ ἓν | ayant un seul avis. |
PHP 2:3	PHP 2:4	18	| GRC | FRA |\n| --: | :-- |\n| μηδὲν κατ’ ἐριθείαν | *Ne faites* rien par ambition, |\n| μηδὲ κατὰ κενοδοξίαν | ni par vaine gloire, |\n| ἀλλὰ τῇ ταπεινοφροσύνῃ | mais par humilité |\n| ἡγούμενοι ἀλλήλους | pensant les uns les autres |\n| ὑπερέχοντας ἑαυτῶν | être supérieurs à vous-mêmes, |\n| ἕκαστος μὴ σκοποῦντες τὰ ἑαυτῶν | chacun *de vous* ne considérant par les *intérêts* d'eux-mêmes, |\n| ἀλλὰ | mais |\n| ἕκαστοι καὶ τὰ ἑτέρων | chacun *considérant* aussi les *intérêts* des autres. |
PHP 2:5	PHP 2:7	19	| GRC | FRA |\n| --: | :-- |\n| φρονεῖτε ἐν ὑμῖν | Pensez en vous |\n| τοῦτο ὃ | cet *état d'esprit,* qui |\n| καὶ ἐν Χριστῷ Ἰησοῦ | *était* aussi en Christ Jésus ; |\n| ὃς ὑπάρχων | *Jésus* qui existant |\n| ἐν μορφῇ Θεοῦ | en forme de Dieu, |\n| οὐχ ἡγήσατο | il ne considéra pas |\n| τὸ εἶναι ἴσα Θεῷ | le fait d'être égal à Dieu |\n| ἁρπαγμὸν | *comme* un prix à arracher, |\n| ἀλλὰ ἐκένωσεν | mais il a vidé |\n| ἑαυτὸν | lui-même |\n| λαβών μορφὴν δούλου | prenant une forme de serviteur, |\n| γενόμενος ἐν ὁμοιώματι ἀνθρώπων | devant en apparence des humains. |
PHP 2:7	PHP 2:8	20	| GRC | FRA |\n| --: | :-- |\n| καὶ εὑρεθεὶς | Et ayant été trouvé |\n| σχήματι | quant à son apparence |\n| ὡς ἄνθρωπος | en tant qu'humain, |\n| ἐταπείνωσεν ἑαυτὸν | il a humilié lui-même, |\n| γενόμενος ὑπήκοος μέχρι θανάτου | devenant obéissant jusqu'à *la* mort, |\n| δὲ θανάτου σταυροῦ | même *la* mort sur la croix. |
PHP 2:9	PHP 2:11	21	| GRC | FRA |\n| --: | :-- |\n| διὸ καὶ | C'est pourquoi aussi |\n| ὁ Θεὸς ὑπερύψωσεν αὐτὸν | Dieu a grandement exalté lui, |\n| καὶ ἐχαρίσατο | et il a accordé gracieusement |\n| αὐτῷ | à lui |\n| τὸ ὄνομα | le nom |\n| τὸ ὑπὲρ πᾶν ὄνομα | celui au-dessus de tout nom, |\n| ἵνα ἐν τῷ ὀνόματι Ἰησοῦ | afin qu'au nom de Jésus, |\n| πᾶν γόνυ | tout genou |\n| ἐπουρανίων | des hommes qui sont dans le ciel |\n| καὶ ἐπιγείων | et des hommes qui sont sur la terre |\n| καὶ καταχθονίων | et des hommes qui sont sous la terre |\n| κάμψῃ | plie |\n| καὶ πᾶσα γλῶσσα | et *que* toute langue |\n| ἐξομολογήσηται ὅτι | reconnaisse que |\n| Ἰησοῦς Χριστὸς Κύριος | Jésus Christ *est* Seigneur, |\n| εἰς δόξαν Θεοῦ Πατρὸς | pour *la* gloire de Dieu le Père. |
PHP 2:12	PHP 2:12	22	| GRC | FRA |\n| --: | :-- |\n| ὥστε | Ainsi, |\n| ἀγαπητοί μου | bien-aimés de moi, |\n| καθὼς πάντοτε ὑπηκούσατε | comme vous avez toujours obéi, |\n| κατεργάζεσθε τὴν σωτηρίαν ἑαυτῶν | continuez à travailler le salut de vous-mêmes, |\n| μετὰ φόβου καὶ τρόμου | avec crainte et tremblement, |\n| μὴ μόνον | non seulement |\n| ὡς ἐν τῇ παρουσίᾳ μου | comme ela présence de moi, |\n| ἀλλὰ νῦν | mais maintenant |\n| πολλῷ μᾶλλον | beaucoup plus |\n| ἐν τῇ ἀπουσίᾳ μου | en l'absence de moi. |\n|  |  |
PHP 2:13	PHP 2:13	23	| GRC | FRA |\n| --: | :-- |\n| γάρ Θεὸς ἐστιν | Car Dieu est |\n| ὁ ἐνεργῶν | celui qui met en oeuvre |\n| καὶ τὸ θέλειν | et le *fait* de vouloir, |\n| καὶ τὸ ἐνεργεῖν | et le *fait* d'être à l'oeuvre, |\n| ἐν ὑμῖν | en vous, |\n| ὑπὲρ τῆς εὐδοκίας | selon son plaisir. |
PHP 2:14	PHP 2:17	24	| GRC | FRA |\n| --: | :-- |\n| ποιεῖτε πάντα | Faites toutes choses |\n| χωρὶς γογγυσμῶν καὶ διαλογισμῶν | sans murmures et contestations, |\n| ἵνα γένησθε | afin que vous deveniez |\n| ἄμεμπτοι καὶ ἀκέραιοι | sa s faute et innocents, |\n| τέκνα Θεοῦ ἄμωμα | des enfants de Dieu irréprochables |\n| μέσον γενεᾶς | au milieu d'une génération |\n| σκολιᾶς καὶ διεστραμμένης | tortueuse et pervertie, |\n| ἐν οἷς | parmi qui |\n| φαίνεσθε | vous brillez |\n| ὡς φωστῆρες ἐν κόσμῳ | comme des flambeaux dans l'univers, |\n| ἐπέχοντες λόγον ζωῆς | portant *la* parole de vie |\n| εἰς καύχημα ἐμοὶ | pour la gloire à moi |\n| εἰς ἡμέραν Χριστοῦ | au jour de Christ, |\n| ὅτι | parce que |\n| οὐκ ἔδραμον | je n'ai pas couru |\n| εἰς κενὸν | pour du vide, |\n| οὐδὲ εἰς κενὸν | ni pour du vite |\n| ἐκοπίασα | j'ai travaillé avec peine, |\n| ἀλλ’ εἰ καὶ | et si me |\n| σπένδομαι | je sers de libation |\n| ἐπὶ τῇ θυσίᾳ | pour le sacrifice |\n| καὶ λειτουργίᾳ | et *le* service |\n| τῆς πίστεως ὑμῶν | de la foi de vous, |\n| χαίρω | je me réjouis |\n| καὶ συνχαίρω ὑμῖν πᾶσιν | et je me réjouis avec vous tous. |
PHP 2:18	PHP 2:18	25	| GRC | FRA |\n| --: | :-- |\n| δὲ | Et |\n| ὑμεῖς καὶ | vous aussi |\n| χαίρετε τὸ αὐτὸ | réjouissez-vous de la même manière |\n| καὶ συνχαίρετέ μοι | et réjouissez-vous avec moi. |
PHP 2:19	PHP 2:19	26	| GRC | FRA |\n| --: | :-- |\n| δὲ ἐλπίζω | Et j'espère |\n| ἐν Κυρίῳ Ἰησοῦ | dans le Seigneur Jésus, |\n| πέμψαι ταχέως ὑμῖν Τιμόθεον | envoye bientôt à vous Timothée, |\n| ἵνα | afin que |\n| κἀγὼ | moi aussi |\n| εὐψυχῶ | je sois rassuré |\n| γνοὺς | apprenant |\n| τὰ περὶ ὑμῶν | les *choses* au sujet de vous. |
PHP 2:20	PHP 2:20	27	| GRC | FRA |\n| --: | :-- |\n| γὰρ ἔχω οὐδένα | Car je n'ai personne |\n| ἰσόψυχον | ayant les mêmes sentimens, |\n| ὅστις | qui |\n| μεριμνήσει γνησίως | s’inquiétera fidèlelement |\n| τὰ περὶ ὑμῶν | des choses au sujet de vous. |
PHP 2:21	PHP 2:21	28	| GRC | FRA |\n| --: | :-- |\n| γὰρ | En effet |\n| οἱ πάντες | les tous |\n| ζητοῦσιν τὰ ἑαυτῶν | cherchent les choses d'eux-mêmes, |\n| οὐ τὰ Ἰησοῦ Χριστοῦ | non les choses de Jésus Christ. |
PHP 2:22	PHP 2:22	29	| GRC | FRA |\n| --: | :-- |\n| δὲ γινώσκετε | Et vous connaissez |\n| τὴν δοκιμὴν αὐτοῦ | la foi éprouvée de lui |\n| ὅτι ἐδούλευσεν εἰς τὸ εὐαγγέλιον | parce qu'il a servi pour l'évangile |\n| σὺν ἐμοὶ | avec moi, |\n| ὡς τέκνον πατρὶ | comme un enfant *avec son* père. |
PHP 2:23	PHP 2:24	30	| GRC | FRA |\n| --: | :-- |\n| μὲν | D'un côté, |\n| ἐλπίζω οὖν | j'espère donc |\n| πέμψαι τοῦτον | envoyer celui-ci, |\n| ὡς ἂν | dès que |\n| ἀφίδω | je verrai clairement |\n| τὰ περὶ ἐμὲ | les choses au sujet de moi |\n| ἐξαυτῆς | immédiatement ; |\n| δὲ | mais de l'autre, |\n| πέποιθα ἐν Κυρίῳ | j'ai confiance dans *le* Seigneur, |\n| ὅτι αὐτὸς καὶ | que moi-même aussi |\n| ἐλεύσομαι ταχέως | je viendrai viendrai bientôt. |
PHP 2:25	PHP 2:26	31	| GRC | FRA |\n| --: | :-- |\n| δὲ ἡγησάμην ἀναγκαῖον | Et j'ai estimé nécessaire |\n| πέμψαι πρὸς ὑμᾶς | envoyer vers vous, |\n| Ἐπαφρόδιτον | Épaphrodite, |\n| τὸν ἀδελφὸν | le frère *de moi* |\n| καὶ συνεργὸν | et compagnon d'oeuvre *de moi* |\n| καὶ συνστρατιώτην μου | et compagnon de combat de moi, |\n| δὲ ἀπόστολον | et apôtre *de vous* |\n| καὶ λειτουργὸν ὑμῶν | et serviteur de vous |\n| τῆς χρείας μου | du besoin de moi, |\n| ἐπειδὴ | puisque |\n| ἦν ἐπιποθῶν | il était désirant |\n| ὑμᾶς πάντας | vous tous, |\n| καὶ ἀδημονῶν | et s'angoissant, |\n| διότι | parce que |\n| ἠκούσατε | vous avez entendu |\n| ὅτι ἠσθένησεν | qu'il a été malade. |
PHP 2:27	PHP 2:27	32	| GRC | FRA |\n| --: | :-- |\n| καὶ γὰρ ἠσθένησεν | Et en effet il a été malade |\n| παραπλήσιον θανάτῳ | proche de *la* mort, |\n| ἀλλὰ ὁ Θεὸς | mais Dieu |\n| ἠλέησεν αὐτόν | a eu pitié de lui, |\n| δὲ οὐκ μόνον | et non seulement |\n| αὐτὸν | de lui, |\n| ἀλλὰ καὶ ἐμέ | mais aussi de moi, |\n| ἵνα μὴ σχῶ | afin que je n'aie pas |\n| λύπην ἐπὶ λύπην | tristesse sur tristesse. |
PHP 2:28	PHP 2:28	33	| GRC | FRA |\n| --: | :-- |\n| οὖν | Donc j'ai envoyé lui |\n| ἔπεμψα αὐτὸν | avec plus d'empressement |\n| σπουδαιοτέρως | avec plus d'empressement |\n| ἵνα χαρῆτε | afin que vous vous réjouissez |\n| ἰδόντες πάλιν | voyant à nouveau |\n| αὐτὸν | lui, |\n| κἀγὼ | et *que* moi |\n| ὦ ἀλυπότερος | je sois moins triste. |
PHP 2:29	PHP 2:30	34	| GRC | FRA |\n| --: | :-- |\n| οὖν | Donc |\n| προσδέχεσθε αὐτὸν | accueillez lui |\n| ἐν Κυρίῳ | dans *le* Seigneur |\n| μετὰ πάσης χαρᾶς | avec toute joie, |\n| καὶ ἔχετε τοὺς τοιούτους | et ayez les tels *hommes* |\n| ἐντίμους | honorés, |\n| ὅτι ἤγγισεν | parce qu'il a approché |\n| μέχρι θανάτου | jusqu'à *la* mort |\n| διὰ τὸ ἔργον Χριστοῦ | pour l' œuvre de Christ, |\n| παραβολευσάμενος | ayant pris des risques |\n| τῇ ψυχῇ | avec sa vie, |\n| ἵνα ἀναπληρώσῃ | afin qu'il complète |\n| τὸ ὑστέρημα ὑμῶν | le manque de vous, |\n| τῆς λειτουργίας | du service |\n| πρός με | envers moi. |
PHP 3:1	PHP 3:1	35	| GRC | FRA |\n| --: | :-- |\n| τὸ λοιπόν | Au reste, |\n| ἀδελφοί μου | frères de moi, |\n| χαίρετε ἐν Κυρίῳ | réjouissez-vous dans *le* Seigneur. |
PHP 3:1	PHP 3:1	36	| GRC | FRA |\n| --: | :-- |\n| γράφειν ὑμῖν | Écrire à vous |\n| τὰ αὐτὰ | les mêmes choses, |\n| οὐκ ὀκνηρόν | n'*est* pas lassant |\n| ἐμοὶ μὲν | pour moi d'un côté, |\n| ὑμῖν δὲ | pour vous de l'autre |\n| ἀσφαλές | *c'est une* sûreté. |
PHP 3:2	PHP 3:2	37	| GRC | FRA |\n| --: | :-- |\n| βλέπετε τοὺς κύνας | Prenez garde aux chiens ; |\n| βλέπετε τοὺς κακοὺς ἐργάτας | Prenez garde aux mauvais ouvriers ; |\n| βλέπετε τὴν κατατομήν | prenez garde à la circoncision. |
PHP 3:3	PHP 3:4	38	| GRC | FRA |\n| --: | :-- |\n| γάρ | Car |\n| ἡμεῖς ἐσμεν | nous nous sommes |\n| ἡ περιτομή | la circoncision, |\n| οἱ λατρεύοντες | les servant |\n| Πνεύματι Θεοῦ | à l'Esprit de Dieu |\n| καὶ καυχώμενοι | et se glorifiant |\n| ἐν Χριστῷ Ἰησοῦ | en Christ Jésus, |\n| καὶ οὐκ πεποιθότες | et ne mettant pas notre confiance |\n| ἐν σαρκὶ | dans la chair, |\n| καίπερ ἐγὼ | bien que moi |\n| ἔχων καὶ | ayant aussi |\n| πεποίθησιν ἐν σαρκί | une confiance en *la* chair. |
PHP 3:4	PHP 3:6	39	| GRC | FRA |\n| --: | :-- |\n| εἴ τις ἄλλος | Si quelqu'un d'autre |\n| δοκεῖ | pense |\n| πεποιθέναι ἐν σαρκί | avoir confiance dans *la* chair ; |\n| ἐγὼ μᾶλλον | *alors* moi plus *que lui* : |\n| περιτομῇ | par la circoncision |\n| ὀκταήμερος | *quand j'étais* âgé de huit jours |\n| ἐκ γένους Ἰσραήλ | *de la* race d'Israël |\n| φυλῆς Βενιαμείν | *de la* tribu de Benjamin, |\n| Ἑβραῖος ἐξ Ἑβραίων | Hébreu *né* de *parents* Hébreux, |\n| Φαρισαῖος κατὰ νόμον | Pharisien selon *la* loi, |\n| διώκων τὴν ἐκκλησίαν | persécutant l'église |\n| κατὰ ζῆλος | selon *le* zèle, |\n| γενόμενος ἄμεμπτος | devenu irréprochable |\n| κατὰ δικαιοσύνην | selon *la* justice |\n| τὴν ἐν νόμῳ | celle dans *la* loi. |
PHP 3:7	PHP 3:7	40	| GRC | FRA |\n| --: | :-- |\n| ἅτινα | *Les* choses qui |\n| ἦν μοι | étaient pour moi |\n| κέρδη | un gain, |\n| ἥγημαι | j'ai pensé |\n| ταῦτα ζημίαν | ces *choses être* une perte |\n| διὰ τὸν Χριστὸν | à cause du Christ. |
PHP 3:8	PHP 3:11	41	| GRC | FRA |\n| --: | :-- |\n| ἀλλὰ μενοῦνγε | Mais en plus |\n| καὶ | aussi |\n| ἡγοῦμαι πάντα | je pense toutes *choses* |\n| εἶναι ζημίαν | être une perte, |\n| διὰ τὸ ὑπερέχον | à cause de l'excellence |\n| τῆς γνώσεως Χριστοῦ Ἰησοῦ | de la connaissance du Christ Jésus |\n| τοῦ Κυρίου μου | le Seigneur de moi, |\n| δι’ ὃν | à cause de qui |\n| ἐζημιώθην | j'ai éprouvé la perte |\n| τὰ πάντα | *de* toutes les *choses* |\n| καὶ ἡγοῦμαι | et je pense |\n| σκύβαλα | *que toutes ces choses sont* des déchets, |\n| ἵνα κερδήσω Χριστὸν | afin que je gagne Christ, |\n| καὶ εὑρεθῶ | et *que* je sois trouvé |\n| ἐν αὐτῷ | en lui, |\n| μὴ ἔχων | n'ayant pas |\n| ἐμὴν δικαιοσύνην | ma *propre* justice, |\n| τὴν ἐκ νόμου | celle de *la* loi, |\n| ἀλλὰ τὴν διὰ πίστεως Χριστοῦ | mais celle à travers *la* foi *en* Christ, |\n| τὴν δικαιοσύνην ἐκ Θεοῦ | la justice *qui vient* de Dieu |\n| ἐπὶ τῇ πίστει | par la foi ; |\n| τοῦ γνῶναι αὐτὸν | pour connaître lui, |\n| καὶ τὴν δύναμιν | et la puissance |\n| τῆς ἀναστάσεως αὐτοῦ | de la résurrection de lui, |\n| καὶ κοινωνίαν | et la participation |\n| παθημάτων αὐτοῦ | aux souffrances de lui, |\n| συμμορφιζόμενος | étant devenu conforme |\n| τῷ θανάτῳ αὐτοῦ | à la mort de lui, |\n| εἴ πως | si d'une certaine manière |\n| καταντήσω | je parviens |\n| εἰς τὴν ἐξανάστασιν | à la résurrection |\n| τὴν ἐκ νεκρῶν | celle *d'*entre *les* morts. |
PHP 3:12	PHP 3:12	42	| GRC | FRA |\n| --: | :-- |\n| οὐχ ὅτι | *Je* ne *dis* pas que |\n| ἔλαβον ἤδη | j'ai attrapé *tout ce cela* déjà, |\n| ἢ τετελείωμαι ἤδη | pi *que* j'ai atteint la perfection déjà ; |\n| δὲ διώκω | mais je poursuis la course, |\n| εἰ καταλάβω καὶ | si j'obtient aussi, |\n| ἐφ’ ᾧ | *ce* pour quoi |\n| κατελήμφθην καὶ | j'ai été saisi *moi* aussi |\n| ὑπὸ Χριστοῦ Ἰησοῦ | par Christ Jésus. |
PHP 3:13	PHP 3:14	43	| GRC | FRA |\n| --: | :-- |\n| ἀδελφοί | Frères, |\n| ἐγὼ οὐ λογίζομαι | moi je ne pense pas |\n| ἐμαυτὸν κατειληφέναι | moi avoir obtenu *tout cela* |\n| δέ ἓν | mais *je dis/ une chose : |\n| μὲν ἐπιλανθανόμενος | oubliant |\n| τὰ ὀπίσω | les *choses* derrière, |\n| δὲ | mais |\n| ἐπεκτεινόμενος | tendant vers |\n| τοῖς ἔμπροσθεν | les *choses* devant, |\n| διώκω κατὰ σκοπὸν | je poursuis la course vers le but |\n| εἰς τὸ βραβεῖον | pour *obtenir* le prix |\n| τῆς κλήσεως | de l'appel |\n| ἄνω | d'en haut |\n| τοῦ Θεοῦ ἐν Χριστῷ Ἰησοῦ | de Dieu en Christ Jésus. |
PHP 3:15	PHP 3:15	44	| GRC | FRA |\n| --: | :-- |\n| οὖν | Donc, |\n| ὅσοι τέλειοι | autant que *nous sommes* accomplis, |\n| φρονῶμεν τοῦτο | pensons cela : |\n| καὶ εἴ | et si même |\n| φρονεῖτε | vous pensez |\n| τι ἑτέρως | quelque chose différemment, |\n| ὁ Θεὸς | Dieu |\n| ἀποκαλύψει | révèlera |\n| τοῦτο καὶ | cela ausi |\n| ὑμῖν | à vous. |
PHP 3:16	PHP 3:16	45	| GRC | FRA |\n| --: | :-- |\n| πλὴν | Seulement |\n| εἰς ὃ | *en considérant* vers quoi |\n| ἐφθάσαμεν | nous sommes *déjà* arrovés, |\n| στοιχεῖν | marchons ensemble |\n| τῷ αὐτῷ | dans la même *direction*. |
PHP 3:17	PHP 3:17	46	| GRC | FRA |\n| --: | :-- |\n| γίνεσθε | Devenez |\n| συνμιμηταί μου | imitateurs de moi, |\n| ἀδελφοί | frères, |\n| καὶ σκοπεῖτε | et considérez |\n| τοὺς περιπατοῦντας | les *personnes* marchant |\n| οὕτω καθὼς | ainsi que |\n| ἔχετε | vous avez |\n| ἡμᾶς | nous |\n| τύπον | *comme* modèle. |
PHP 3:18	PHP 3:19	47	| GRC | FRA |\n| --: | :-- |\n| γὰρ | Car |\n| πολλοὶ περιπατοῦσιν | beaucoup marchent, |\n| οὓς πολλάκις | que souvent |\n| ἔλεγον ὑμῖν | je disais à vous, |\n| δὲ νῦν λέγω | mais maintenant je parle |\n| καὶ κλαίων | aussi pleurant, |\n| τοὺς ἐχθροὺς τοῦ σταυροῦ τοῦ Χριστοῦ | les ennemis de la croix du Christ ; |\n| ὧν τὸ τέλος | desquels la fin |\n| ἀπώλεια | *est la* ruine, |\n| ὧν ὁ Θεὸς | desquels le dieu |\n| ἡ κοιλία | *est* leur ventre |\n| καὶ ἡ δόξα | et *desquels* la gloire |\n| ἐν τῇ αἰσχύνῃ αὐτῶν | *est* dans la honte d'eux, |\n| οἱ φρονοῦντες | eux pensant |\n| τὰ ἐπίγεια | aux *choses* terrestres. |
PHP 3:20	PHP 3:21	48	| GRC | FRA |\n| --: | :-- |\n| γὰρ | Car |\n| τὸ πολίτευμα ἡμῶν | la citoyenneté de nous |\n| ὑπάρχει | se trouve |\n| ἐν οὐρανοῖς | dans *les* cieux, |\n| ἐξ οὗ καὶ | d'où aussi |\n| ἀπεκδεχόμεθα | nous attendons avec impatience |\n| Σωτῆρα | *le* Sauveur, |\n| Κύριον Ἰησοῦν Χριστόν | *le* Seigneur Jésus Christ, |\n| ὃς μετασχηματίσει | qui transfigurera |\n| τὸ σῶμα τῆς ταπεινώσεως ἡμῶν | le corps de 'humiliation de nous, |\n| σύμμορφον | conforme |\n| τῷ σώματι τῆς δόξης αὐτοῦ | au corps de la gloire de lui, |\n| κατὰ τὴν ἐνέργειαν | selon la capacité |\n| τοῦ αὐτὸν δύνασθαι | de lui pouvoir, |\n| καὶ ὑποτάξαι αὑτῷ | et de soumettre à lui |\n| τὰ πάντα | toutes les *choses*. |
PHP 4:1	PHP 4:1	49	| GRC | FRA |\n| --: | :-- |\n| ὥστε | Ainsi, |\n| ἀδελφοί μου | frères de moi |\n| ἀγαπητοὶ καὶ ἐπιπόθητοι | bien-aimés et désirés, |\n| χαρὰ καὶ στέφανός μου | joie et couronne de moi, |\n| οὕτως στήκετε | de cette manière tenez ferme |\n| ἐν Κυρίῳ ἀγαπητοί | dans *le* Seigneur, bien-aimés. |
PHP 4:2	PHP 4:2	50	| GRC | FRA |\n| --: | :-- |\n| παρακαλῶ Εὐοδίαν | J'exhorte Évodie |\n| καὶ παρακαλῶ Συντύχην | et j'exhorte Syntyche, |\n| φρονεῖν τὸ αὐτὸ | *à* penser la même *chose* |\n| ἐν Κυρίῳ | dans *le* Seigneur. |
PHP 4:3	PHP 4:3	51	| GRC | FRA |\n| --: | :-- |\n| ναὶ | Oui, |\n| ἐρωτῶ σέ καὶ | je demande à toi aussi, |\n| γνήσιε σύνζυγε | sincère collègue, |\n| συνλαμβάνου αὐταῖς | aide elles, |\n| αἵτινες συνήθλησάν μοι | elles qui ont combattu avec moi |\n| ἐν τῷ εὐαγγελίῳ | dans l'évangile, |\n| μετὰ καὶ Κλήμεντος | avec et Clément |\n| καὶ τῶν συνεργῶν λοιπῶν μου | et les collaborateurs restants de moi, |\n| ὧν τὰ ὀνόματα | desquels les noms |\n| ἐν βίβλῳ ζωῆς | *son* dans *le* livre de vie. |
PHP 4:4	PHP 4:4	52	| GRC | FRA |\n| --: | :-- |\n| χαίρετε ἐν Κυρίῳ | Réjouissez-vous dans *le* Seigneur, |\n| πάντοτε | toujours, |\n| ἐρῶ πάλιν | je dirai à nouveau, |\n| χαίρετε | réjouissez-vous ! |
PHP 4:5	PHP 4:5	53	| GRC | FRA |\n| --: | :-- |\n| τὸ ἐπιεικὲς ὑμῶν | La modération de vous |\n| γνωσθήτω | qu'*il* soit connue |\n| πᾶσιν ἀνθρώποις | par tous *les* hommes. |
PHP 4:5	PHP 4:5	54	| GRC | FRA |\n| --: | :-- |\n| ὁ Κύριος ἐγγύς | Le Seigneur *est* proche. |
PHP 4:6	PHP 4:6	55	| GRC | FRA |\n| --: | :-- |\n| μεριμνᾶτε μηδὲν | Souciez-vous *à propos* de rien, |\n| ἀλλ’ ἐν παντὶ | mais en tout, |\n| τὰ αἰτήματα ὑμῶν | les demandes de vous |\n| γνωριζέσθω | qu'*elles* soient connues |\n| πρὸς τὸν Θεόν | pour Dieu, |\n| τῇ προσευχῇ καὶ τῇ δεήσει | par la prière et la supplication |\n| μετὰ εὐχαριστίας | avec gratitude. |
PHP 4:7	PHP 4:7	56	| GRC | FRA |\n| --: | :-- |\n| καὶ ἡ εἰρήνη τοῦ Θεοῦ | Et la paix de Dieu |\n| ἡ ὑπερέχουσα | celle dépassant |\n| πάντα νοῦν | toute compréhension, |\n| φρουρήσει τὰς καρδίας ὑμῶν | protégera les cœurs de vous  |\n| καὶ τὰ νοήματα ὑμῶν | et les pensées de vous |\n| ἐν Χριστῷ Ἰησοῦ | en Christ Jésus.  |
PHP 4:8	PHP 4:8	57	| GRC | FRA |\n| --: | :-- |\n| τὸ λοιπόν | Le reste, |\n| ἀδελφοί | frères, |\n| ὅσα ἐστὶν ἀληθῆ | tout ce qui est vrai, |\n| ὅσα σεμνά | tout ce qui *est* honorable, |\n| ὅσα δίκαια | tout ce qui *est* juste, |\n| ὅσα ἁγνά | tout ce qui *est* pur, |\n| ὅσα προσφιλῆ | tout ce qui *est* aimable, |\n| ὅσα εὔφημα | tout ce qui *est* recommandable, |\n| εἴ τις ἀρετὴ | s'*il y a* quelque vertu |\n| καὶ εἴ τις ἔπαινος | et s'*il y a* quelque louange, |\n| λογίζεσθε ταῦτα | considérez ces *choses*. |
PHP 4:9	PHP 4:9	58	| GRC | FRA |\n| --: | :-- |\n| ἃ | Ce que |\n| καὶ ἐμάθετε | et vous avez appris |\n| καὶ παρελάβετε | et vous avez reçu, |\n| καὶ ἠκούσατε | et vous avez entendu |\n| καὶ εἴδετε | et vous avez vu, |\n| ἐν ἐμοί | et moi, |\n| πράσσετε ταῦτα | pratiquez ces *choses* |\n| καὶ ὁ Θεὸς τῆς εἰρήνης | et le dieu de la paix |\n| ἔσται μεθ’ ὑμῶν | sera avec vous. |
PHP 4:10	PHP 4:10	59	| GRC | FRA |\n| --: | :-- |\n| δὲ ἐχάρην μεγάλως | Et je me suis réjoui grandement |\n| ἐν Κυρίῳ | dans *le* Seigneur; |\n| ὅτι | parce que |\n| ἤδη ποτὲ | enfin |\n| ἀνεθάλετε | vous avez refleuri |\n| τὸ φρονεῖν ὑπὲρ ἐμοῦ | votre sentiment envers moi ;  |\n| ἐφ’ ᾧ | pour qui |\n| ἐφρονεῖτε καὶ | vous pensiez aussi, |\n| δέ ἠκαιρεῖσθε | mais vous n'aviez pas l'occasion. |
PHP 4:11	PHP 4:11	60	| GRC | FRA |\n| --: | :-- |\n| οὐχ ὅτι | *Je ne dis* pas que |\n| λέγω | je parle |\n| καθ’ ὑστέρησιν | selon *mes* besoins ; |\n| ἐγὼ γὰρ | moi en effet |\n| ἔμαθον | j'ai appris |\n| εἶναι | *à* être |\n| αὐτάρκης | me satisfaisant, |\n| ἐν οἷς εἰμι | dans *les situations dans* lesquelles je suis. |
PHP 4:12	PHP 4:12	61	| GRC | FRA |\n| --: | :-- |\n| καὶ οἶδα ταπεινοῦσθαι | Et je sais être humilié, |\n| καὶ οἶδα περισσεύειν | et je sais être dans l'abondance. |
PHP 4:12	PHP 4:12	62	| GRC | FRA |\n| --: | :-- |\n| ἐν παντὶ | En toute *circonstance* |\n| καὶ ἐν πᾶσιν | et dans toutes *les circonstances* |\n| μεμύημαι | j'ai été initié |\n| καὶ χορτάζεσθαι | et à être rassasié |\n| καὶ πεινᾶν | et à avoir faim, |\n| καὶ περισσεύειν | et à être dans l'abondance, |\n| καὶ ὑστερεῖσθαι | et à être dans le besoin. |
PHP 4:13	PHP 4:13	63	| GRC | FRA |\n| --: | :-- |\n| ἰσχύω πάντα | J'ai la force *de* tout |\n| ἐν τῷ ἐνδυναμοῦντί | en celui qui rend capable |\n| με | moi. |
PHP 4:14	PHP 4:14	64	| GRC | FRA |\n| --: | :-- |\n| πλὴν | Mais |\n| ἐποιήσατε καλῶς | vous avez fait bellement, |\n| συνκοινωνήσαντές | ayant pris *votre* part |\n| τῇ θλίψει μου | à la tribulation de moi. |
PHP 4:15	PHP 4:15	65	| GRC | FRA |\n| --: | :-- |\n| δὲ ὑμεῖς καὶ | Et vous aussi, |\n| Φιλιππήσιοι | Philippiens, |\n| οἴδατε ὅτι | vous savez que |\n| ἐν ἀρχῇ τοῦ εὐαγγελίου | au commencement *de ma proclamation* de l'évangile |\n| ὅτε ἐξῆλθον | quand je suis parti |\n| ἀπὸ Μακεδονίας | hors de Macédoine, |\n| οὐδεμία ἐκκλησία | aucune église |\n| ἐκοινώνησεν μοι | n'a contribué pour moi |\n| εἰς λόγον δόσεως | pour un compte de don |\n| καὶ λήμψεως | et deréception |\n| εἰ μὴ | si *ce* n'*est* |\n| ὑμεῖς μόνοι | vous seuls. |
PHP 4:16	PHP 4:16	66	| GRC | FRA |\n| --: | :-- |\n| ὅτι καὶ | Parce que aussi |\n| ἐν Θεσσαλονίκῃ | à Thessalonique, |\n| καὶ ἅπαξ καὶ δὶς | et une fois et deux fois, |\n| ἐπέμψατε μοι | vous avez envoyé à moi |\n| εἰς τὴν χρείαν | pour mon besoin. |
PHP 4:17	PHP 4:17	67	| GRC | FRA |\n| --: | :-- |\n| οὐχ ὅτι | *Je* ne *dis* pas que |\n| ἐπιζητῶ τὸ δόμα | je recherche le don, |\n| ἀλλὰ ἐπιζητῶ | mais je recherche |\n| τὸν καρπὸν | le fruit |\n| τὸν πλεονάζοντα | celui croissant |\n| εἰς λόγον ὑμῶν | pour le compte de vous. |
PHP 4:18	PHP 4:18	68	| GRC | FRA |\n| --: | :-- |\n| δὲ ἀπέχω πάντα | Et je reçois tout, |\n| καὶ περισσεύω | et je suis dans l'abondance, |\n| πεπλήρωμαι | et je suis comblé, |\n| δεξάμενος | ayant reçu |\n| τὰ παρ’ ὑμῶν | les *choses de* chez vous |\n| παρὰ Ἐπαφροδίτου | de la main d'Épaphrodite, |\n| ὀσμὴν εὐωδίας | une odeur de bonne odeur, |\n| θυσίαν δεκτήν | un sacrifice plaisant, |\n| εὐάρεστον τῷ Θεῷ | agréable pour Dieu. |
PHP 4:19	PHP 4:19	69	| GRC | FRA |\n| --: | :-- |\n| δὲ ὁ Θεός μου | Et le Dieu de moi |\n| πληρώσει πᾶσαν χρείαν ὑμῶν | comblera tout besoin de vous, |\n| κατὰ τὸ πλοῦτος αὐτοῦ | conformément à la richesse de lui |\n| ἐν δόξῃ | dans *la* gloire |\n| ἐν Χριστῷ Ἰησοῦ | en Christ Jésus. |
PHP 4:20	PHP 4:20	70	| GRC | FRA |\n| --: | :-- |\n| δὲ | Et |\n| τῷ Θεῷ καὶ Πατρὶ ἡμῶν | à Dieu et au Père de nous |\n| ἡ δόξα | *soit* la gloire |\n| εἰς τοὺς αἰῶνας τῶν αἰώνων | pour les siècles des siècles. |
PHP 4:20	PHP 4:20	71	| GRC | FRA |\n| --: | :-- |\n| ἀμήν | Amen ! |
PHP 4:21	PHP 4:22	72	| GRC | FRA |\n| --: | :-- |\n| ἀσπάσασθε | Saluez |\n| πάντα ἅγιον | tout saint |\n| ἐν Χριστῷ Ἰησοῦ | en Christ Jésus |\n| οἱ ἀδελφοί σὺν ἐμοὶ | les frères *qui sont* avec moi |\n| ἀσπάζονται ὑμᾶς | saluent vous, |\n| πάντες οἱ ἅγιοι | tous les saints,  |\n| ἀσπάζονται ὑμᾶς | saluent vous, |\n| δὲ μάλιστα | et surtout |\n| οἱ ἐκ οἰκίας | ceux de *la* maison |\n| τῆς Καίσαρος | de César. |
PHP 4:23	PHP 4:23	73	| GRC | FRA |\n| --: | :-- |\n| ἡ χάρις | La grâce |\n| τοῦ Κυρίου Ἰησοῦ Χριστοῦ | du Seigneur Jésus Christ |\n| μετὰ τοῦ πνεύματος ὑμῶν | *soit* avec l'esprit de vous. |
PHP 4:23	PHP 4:23	74	| GRC | FRA |\n| --: | :-- |\n| ἀμήν | Amen ! |
